steffen.jpg	steffen
steffen2.jpg	steffen
steffen3.jpg	steffen
steffen4.jpg	steffen
steffen5.jpg	steffen
steffen6.jpg	steffen
steffen7.jpg	steffen
mads.jpg	mads
mads2.jpg	mads
mads3.jpg	mads
mads4.jpg	mads
mads5.jpg	mads
5ca1df9d-3eee-471a-910f-336314867f0f.jpg	unknown
78376f20-b0ba-49af-8249-f24040ea2e83.jpg	unknown
8220713b-72ae-42bf-b34a-974b9819de62.jpg	steffen
4ea48605-61a8-48de-a00e-4025f03647e2.jpg	steffen
8dfaa862-a9d4-4eb4-bfdc-8a21968e8fd4.jpg	steffen
cd798ddd-121d-4acb-bc3e-0069844bf6cf.jpg	steffen
f22592f2-25c7-4110-8d3d-a47444fc9cac.jpg	mads
9af1e1bd-66d0-4f35-8185-b35209e7ae6c.jpg	mads
6d07c0dc-e571-48f6-ad39-51ac768ee4c5.jpg	mads
7bd2ef14-057d-488b-bf73-aedd086bf9b2.jpg	mads
482622f4-aa4f-4352-8a9e-bdebb3e9a75a.jpg	mads
be117aa7-d865-41af-93cc-56edeb8e71bd.jpg	mads
bf96cb5c-3c20-4fdb-b1af-2bccec7844b5.jpg	mads
51b57591-3ad2-4c79-a1af-6009eae7fd31.jpg	mads
02b2f0ba-fb68-416c-9cca-f3a2f58260aa.jpg	unknown
435f2c64-4ed0-4912-8258-7f36a6f44a2c.jpg	unknown
641151d9-2e0f-4d1b-8b94-7430d70e3425.jpg	unknown
addf8dfa-c60c-45da-b64b-0c0be6f6ed72.jpg	unknown
ad8dd46f-0189-48f8-ac41-9affd2d38720.jpg	unknown
c9f58211-d0f4-4561-a0db-6c771232339d.jpg	unknown
08dce390-38ba-4677-b18e-477dbd80bfb2.jpg	unknown
8893096d-2edb-40d5-8a32-ab2e51eec84d.jpg	mads
3e755922-42f8-4f34-ac99-6dc1f135d131.jpg	mads
8ba91b02-2d5b-4624-9a16-75137df3d466.jpg	mads
f088997e-6940-484a-95f0-9e70be5d29bc.jpg	mads
53c6c830-516c-4fc3-984a-cee6ff0f81ac.jpg	mads
5a506066-2a8a-44aa-8653-24f0b18da562.jpg	mads
3cbabebc-42a3-4255-9484-9300471569df.jpg	mads
1a124a95-f798-4d53-908e-71d8bc7913bc.jpg	mads
06c15385-7213-480b-a775-e6c120f009ce.jpg	mads
